customer_id,churn_prediction,churn_probability
767114958,0,0.0
708123033,0,0.0005
715424283,0,0.0002
717865008,0,0.0
710188308,0,0.0003
716574033,0,0.0
713183508,0,0.0
718583133,0,0.0005
783554958,0,0.0
714418158,0,0.0
710061783,1,1.0
716225433,0,0.0001
788327358,0,0.0001
714847983,0,0.0
720031908,0,0.0
713700258,0,0.0
721265883,0,0.0007
715321008,1,0.9999
717831783,0,0.0
711480108,0,0.0
797638383,0,0.0
709950858,0,0.0
717060858,1,0.9999
716045508,0,0.0002
787482033,1,0.9748
719601708,0,0.0
717683583,0,0.0
813905508,0,0.0
769985883,0,0.1647
718927533,0,0.0003
784868958,0,0.0
787539333,0,0.0
789871233,0,0.0
826061508,0,0.0001
716354883,1,0.9998
717678408,0,0.0
715341858,0,0.0003
713003358,1,1.0
713374533,0,0.0
709985133,0,0.0005
771204108,0,0.0
713758758,0,0.0
709453833,0,0.0
713227233,0,0.0
714967233,1,0.8464
714358008,0,0.0001
779514558,0,0.0002
794498733,0,0.0001
793015083,0,0.0
789212883,1,1.0
718677858,0,0.0
713675658,0,0.0002
719523108,0,0.0001
708390633,0,0.0001
715098333,0,0.0
712060158,0,0.0002
716831508,0,0.0038
778172583,0,0.0
789430083,0,0.0
709996833,1,0.9547
708890133,0,0.0001
773332908,0,0.0
715870758,0,0.0001
789363408,0,0.0
779118708,0,0.0
710544033,0,0.0
717500133,0,0.0001
712046808,1,0.9941
815484783,0,0.0
713843283,0,0.0
717260058,0,0.0002
773383158,0,0.0008
711041508,0,0.0007
816843933,0,0.0002
715043508,0,0.0006
717241233,0,0.0001
717521508,0,0.0004
708331758,0,0.0
715571583,0,0.0
711146358,0,0.0072
789594108,0,0.0
779327733,0,0.0027
711391308,0,0.0
718994583,0,0.0001
718212633,0,0.0
711861258,0,0.0005
718123608,0,0.0
718958583,1,0.9867
772207683,0,0.0001
719629308,1,0.9798
708303108,0,0.0002
788957358,0,0.0003
708727983,0,0.0001
714217908,0,0.0046
708928908,0,0.0015
712411908,0,0.0001
771075258,0,0.0001
717866133,0,0.0001
713652783,0,0.0005
714076683,1,0.9999
803963808,0,0.0
778968408,0,0.0
720064158,0,0.0
778921908,0,0.0
770878458,0,0.0
786087633,0,0.0
788752833,0,0.0022
766006758,0,0.0005
710342508,0,0.0
711422358,0,0.0
778574283,0,0.0
709987683,1,1.0
821168733,0,0.0
717765183,0,0.0
708723858,0,0.0001
720618033,0,0.0001
718899708,0,0.0004
716437533,0,0.0001
717491058,0,0.0001
711029358,0,0.0003
716768808,0,0.0
801056358,0,0.0
779210283,0,0.0
718441308,0,0.0
713241033,0,0.0002
711064008,0,0.0006
772137183,1,0.9999
788739633,1,0.9962
708953883,1,0.9997
716549058,0,0.0001
824789283,0,0.0001
788252358,0,0.0
819752133,0,0.0
716944983,0,0.0008
716545383,0,0.0036
720836808,0,0.0
783361533,0,0.0
710893533,0,0.0001
709793133,0,0.0004
716609433,1,0.9998
715222533,1,0.9932
713597658,1,0.9654
720837708,0,0.0002
786546783,0,0.0133
778747608,0,0.0001
801385458,0,0.0001
720844008,0,0.0
754443033,1,0.9982
799486158,0,0.0
798140283,0,0.0002
772036233,0,0.0004
711427458,0,0.3087
712727283,0,0.0
710754933,1,0.9989
709938708,0,0.0
710831133,0,0.0021
715570533,1,0.9997
794576058,0,0.0003
786557358,0,0.0
708212658,0,0.0001
818993508,0,0.0
718466883,0,0.0
717085983,0,0.0
709986633,0,0.0001
779348358,1,0.9991
752944533,0,0.0013
712340733,0,0.0003
814459833,0,0.0008
718373658,0,0.0
771359958,0,0.0003
779198133,0,0.0
788618208,0,0.0001
712288158,0,0.0004
711838008,1,0.9931
710202783,0,0.0
771976683,0,0.0013
716176683,0,0.0
711278283,0,0.0001
715019883,0,0.0021
720292983,0,0.0
716498883,0,0.0009
713798958,0,0.0
716939358,0,0.0001
709005633,1,0.9994
795573333,0,0.0
771069033,0,0.0
801709308,0,0.0
716345283,0,0.0005
714835833,0,0.0
779783508,0,0.0
825767658,0,0.0
717575958,1,0.9997
720753183,0,0.0005
711766758,0,0.0
711397533,0,0.0
767058183,0,0.0001
788864508,0,0.0001
778377183,0,0.0
710844408,0,0.0003
714919308,1,0.9997
708874533,1,1.0
778356408,0,0.0001
769035933,0,0.0
771228183,0,0.0
772539558,0,0.0002
714045783,1,0.9999
809797158,0,0.0002
719531133,0,0.0005
719192808,0,0.0
720662508,0,0.0
820848408,0,0.0
712412958,0,0.0006
778984383,0,0.0
712865583,0,0.0
819997983,0,0.0
718301508,0,0.0001
789197508,0,0.0002
809459733,0,0.0001
813901458,0,0.0
772360683,0,0.0001
779725833,0,0.0
712996833,0,0.0
779681433,1,0.9884
787591008,0,0.0
712642533,0,0.0
721051908,0,0.0002
715503558,0,0.0
709841433,0,0.0005
710424408,0,0.0021
709592808,0,0.0
788038383,0,0.0016
714363858,0,0.0001
815015283,0,0.001
771336783,0,0.0
738899658,1,0.998
796170933,0,0.0126
720992883,0,0.0001
712238958,0,0.0
718530258,0,0.0001
711794358,1,0.9902
716366208,0,0.0
770038983,1,0.9989
709937583,0,0.0
787623858,0,0.0002
711676008,0,0.0023
812218908,1,0.9993
720281508,0,0.0
721139808,0,0.0003
709990983,0,0.0011
718244958,0,0.0001
756639708,0,0.0004
718645308,0,0.0
717389433,0,0.0007
779310033,1,1.0
717192933,0,0.0
718379358,0,0.0
779661033,0,0.0
715880283,0,0.0001
719469333,0,0.0001
708974283,0,0.0
789859833,0,0.0004
772339383,0,0.0012
716319258,0,0.0
720330558,1,0.9999
789827208,0,0.0002
751450008,0,0.0001
789791808,0,0.0
717321783,0,0.0005
712549758,0,0.0006
712470033,0,0.0003
719291283,0,0.0
720413658,0,0.0
709230708,0,0.0019
708384033,1,0.9718
715029333,0,0.0
771040758,0,0.0003
711635358,0,0.0
716604633,0,0.0002
716438433,0,0.0
711216933,0,0.0
713916708,0,0.0
710106933,0,0.0002
806189658,0,0.0
770632758,0,0.0596
789238683,0,0.0013
711873033,1,0.9907
720384633,0,0.0
712181658,0,0.0
714957108,0,0.0
720247158,0,0.0009
772313358,0,0.0
803652633,0,0.0003
771422883,1,0.9997
718009158,0,0.0
712612233,0,0.0013
709901058,0,0.0
716682258,0,0.0
711478233,0,0.0046
720040158,0,0.0003
720212508,0,0.0001
787605558,0,0.0
780557658,0,0.0014
709952658,0,0.0005
793379058,0,0.0
716971833,0,0.0
720997383,1,0.9978
827111283,0,0.0002
769396158,1,1.0
820085808,0,0.0074
780349833,0,0.0001
715964058,0,0.0
771903033,0,0.0
802668333,1,0.9991
718504983,0,0.0023
714882258,0,0.0
714211533,0,0.0004
720198183,0,0.0
803587533,0,0.0
720050208,0,0.0002
771058908,0,0.0002
708971583,0,0.0002
788812608,0,0.0001
805282908,0,0.0
717403158,0,0.0005
718418958,1,0.9999
721374033,0,0.0
710849208,0,0.0
771823308,0,0.0002
719019483,0,0.0006
769927533,0,0.0
718951683,0,0.0
709666908,0,0.0
719857008,0,0.0
788709408,0,0.0003
710641008,0,0.0005
815812683,0,0.0002
717624708,1,0.9999
789398733,0,0.0
716136333,1,0.9963
715162608,1,0.9994
710822808,0,0.0001
714147858,0,0.0
767333808,0,0.0
719654283,0,0.0
766273533,0,0.0001
779601783,0,0.0001
711370458,0,0.0
715519983,0,0.0
788782008,0,0.0036
787595658,0,0.0
758211483,0,0.0
710637183,0,0.0
712144158,1,0.9993
715378383,0,0.0
771061008,1,0.9985
719583558,0,0.0
810986883,0,0.0
788797983,0,0.003
815104608,0,0.0002
715369008,0,0.0
713418558,0,0.0004
708332808,0,0.0
719729433,0,0.0004
789022233,0,0.0
714234858,0,0.0001
709170108,1,1.0
779727558,0,0.0016
708245808,0,0.0001
778255083,0,0.0
718755483,0,0.0001
712627083,1,0.9487
788990508,0,0.0004
804437658,0,0.0002
778430733,0,0.0001
808747233,1,0.9996
710555433,1,0.8795
708826158,0,0.0001
717023508,0,0.0
719694408,1,0.927
710014683,0,0.0003
815596608,0,0.0
712721358,1,0.9976
716870583,0,0.0001
780076833,0,0.0001
793616883,0,0.0002
789105183,0,0.0001
817970208,0,0.0004
779844408,1,1.0
719206308,0,0.0001
721269108,0,0.0
772139433,0,0.0001
717042333,1,0.9985
710273658,0,0.0003
716626008,0,0.0
716230158,0,0.0
713010483,0,0.0001
711220683,0,0.0
721398858,0,0.0001
779400183,0,0.0006
789964983,1,0.9989
715102308,0,0.0
712730583,0,0.0018
718870158,0,0.0001
719484408,0,0.0002
720244983,0,0.0
781306758,1,0.9999
779412783,0,0.0003
721217283,0,0.0002
815062383,0,0.0
714155283,0,0.0001
716981358,0,0.0001
824915208,0,0.0
708498033,1,0.9965
716860233,0,0.0
709839858,0,0.0
713144208,1,1.0
708573933,0,0.0
712579983,0,0.0
790099758,0,0.001
711305208,0,0.0003
720062508,1,0.9999
708205083,0,0.0001
772336458,1,0.9997
710986758,0,0.0
789271533,0,0.0001
711360783,0,0.0001
714035283,1,0.9999
720415833,0,0.0001
778873608,0,0.0009
718661958,0,0.0012
719026383,0,0.0006
710229333,0,0.0006
720437358,0,0.001
811467708,0,0.0
778933983,0,0.0001
719413383,0,0.0001
718252533,1,0.9536
718188858,0,0.0001
711382458,1,0.9952
721212258,0,0.0
717600483,0,0.0001
761544333,0,0.006
809425533,0,0.0
709678608,0,0.0003
713151258,0,0.0
715345833,0,0.0002
720776508,0,0.0002
720689583,0,0.0
801728658,0,0.0002
718979733,0,0.0
721163133,0,0.0003
710595783,0,0.0002
714781908,0,0.0
709618308,0,0.0
713971608,0,0.0
718020408,0,0.0
716513358,0,0.0003
710401458,0,0.0057
712177908,0,0.0002
719216508,0,0.0
711017433,0,0.0004
788386908,0,0.0
710819733,1,0.9996
711978858,0,0.0
807136758,1,0.9995
716138958,0,0.0001
713070033,0,0.0
827055333,0,0.0009
827408058,0,0.0
793608258,1,0.9982
717013383,0,0.0001
714320358,0,0.0151
716948283,0,0.0
717657333,0,0.0173
788687133,0,0.0023
710736558,0,0.0031
708721533,0,0.0007
817108083,1,0.9995
719737833,0,0.0008
813967983,0,0.0
771464808,0,0.0
713025558,1,0.9395
779016408,0,0.0002
712096758,0,0.0
789523683,0,0.0001
713177808,0,0.0
718777008,0,0.0003
711004533,0,0.0
720046458,0,0.0
710453283,0,0.0451
708736608,1,0.9998
778908783,0,0.0001
716056158,1,0.9999
773257233,0,0.0
711371208,0,0.0
711831558,0,0.0002
712164333,1,0.9995
780126033,1,0.999
821889858,1,0.9994
779656908,0,0.0003
766821033,1,0.8627
789196158,0,0.0005
714228558,0,0.0001
827360883,0,0.0001
712815858,0,0.0003
714533058,0,0.0
790149483,0,0.0001
771584658,0,0.0
814181433,0,0.0002
788761608,0,0.0003
709009833,0,0.0002
708244458,0,0.0001
797998158,0,0.0
808279158,0,0.0
804601833,0,0.0001
789690483,0,0.0013
819109308,0,0.0001
739317558,0,0.0
721305408,0,0.0001
716535408,0,0.0
719391783,0,0.0
780602733,0,0.0
789556533,0,0.0
713422083,1,0.9985
721506708,0,0.0003
715774833,0,0.0004
714962658,1,1.0
783561558,0,0.0001
826709658,1,0.9998
790017858,0,0.0024
712319958,0,0.0012
717483558,0,0.0007
713985183,0,0.0
708404883,0,0.0155
717208833,1,0.9963
816091608,0,0.0
709087983,0,0.0002
710763783,0,0.0079
719018208,1,0.9996
713976258,0,0.0
709554483,0,0.0001
794485158,0,0.0
718795083,0,0.0
826451433,0,0.0001
826717533,0,0.0001
715294083,1,0.9215
779187783,0,0.0
719513733,0,0.0
709816158,0,0.0015
711720408,0,0.0001
714960408,1,1.0
770746908,0,0.0001
716101308,0,0.0
809825358,0,0.0
719826333,0,0.0
710207208,0,0.0003
720128658,1,0.9976
780727833,0,0.0002
802247658,1,0.9274
717787533,0,0.0027
721115733,0,0.0001
709446783,0,0.0019
784719708,0,0.0001
718570158,0,0.0025
709965858,0,0.0003
757594083,0,0.0001
789599283,0,0.0001
718947558,0,0.0
721147383,0,0.0
720683958,0,0.0001
780657708,0,0.0003
713935533,0,0.0
713948808,0,0.0001
715406658,1,0.9961
772640808,0,0.0001
708496833,1,0.9956
804847308,0,0.0
716931183,0,0.0
714030183,0,0.0021
809296308,0,0.0001
708358683,0,0.0003
794664183,0,0.0
712475733,0,0.0044
708770883,0,0.0002
821339433,0,0.0
709206333,1,0.9997
806914158,1,1.0
709607733,0,0.0
712843983,1,0.9928
780511683,1,0.9896
709161108,1,0.923
708272808,0,0.0003
708680583,0,0.0
708712833,0,0.0001
711947358,0,0.0
719634408,0,0.0
718267233,0,0.0012
715479483,0,0.0016
711164508,0,0.0
719294433,0,0.0
714412308,1,0.9977
716434533,1,1.0
719061933,0,0.0001
719091333,0,0.0002
716573058,1,0.9999
740784258,0,0.0
711863433,0,0.0013
780529908,0,0.0
715132758,0,0.0
713934633,1,0.9989
827423433,0,0.0
708385533,1,0.9992
789407958,0,0.0001
712589658,0,0.0001
714759708,0,0.0003
826068183,0,0.0007
709913733,0,0.0006
789744033,0,0.0002
710926383,0,0.0001
714052158,1,0.9999
714900408,0,0.0019
787532808,0,0.0
802449933,0,0.0001
755996583,1,0.9998
709625733,0,0.0001
719686458,0,0.0027
708642708,1,1.0
790082508,0,0.0003
713205108,0,0.0
710838108,0,0.0007
714427608,0,0.0
711655683,0,0.0001
826168083,0,0.0
708553008,0,0.0484
719554758,0,0.0001
820383558,0,0.0001
817293258,0,0.0001
709275558,0,0.0003
816078708,0,0.0
719490108,0,0.0003
710410158,1,0.992
813961233,0,0.0001
714259533,0,0.0001
713550483,0,0.0003
719073483,1,0.9675
710428308,0,0.0
779340183,0,0.0009
788820933,0,0.0
798022683,1,0.9994
717273333,0,0.0
713952558,1,0.4606
712545183,0,0.0032
789611283,0,0.0
713339283,0,0.0001
721032633,1,0.9996
719953383,0,0.0002
712814658,0,0.0
711764733,0,0.0002
715915458,0,0.0001
720712533,0,0.0
709984083,0,0.0
719268333,0,0.0
790048158,0,0.0006
717856983,0,0.0008
715545933,0,0.0
709861008,0,0.0
712863183,0,0.0002
712423233,0,0.0
711648708,0,0.0001
714864333,1,0.9997
788830683,0,0.0004
719358333,0,0.0003
789541458,0,0.0
711589758,0,0.0
711574008,0,0.0027
779548008,0,0.0001
801037833,0,0.0
720924633,0,0.0002
718596858,0,0.001
737967708,0,0.0
798110358,0,0.0025
789582483,0,0.0
710529708,0,0.0003
789526458,0,0.0006
711039633,0,0.0071
828294933,1,0.9201
720422358,0,0.0001
720252858,0,0.0027
788966958,0,0.0002
714435408,0,0.0001
713453733,0,0.0003
711208083,0,0.0
721220583,0,0.0
720205608,0,0.0001
789983133,0,0.0008
787581858,0,0.0003
708705783,1,0.9986
717234183,0,0.0032
808705758,0,0.0
711183558,0,0.0006
812979408,1,0.9993
715354008,0,0.0001
721062408,0,0.0726
712410858,0,0.0
779116158,0,0.0039
712866933,0,0.0
710411358,1,0.9997
771881283,0,0.0
715363908,0,0.0018
789560433,1,0.9998
709752183,0,0.0002
807161508,0,0.0052
708393633,0,0.0006
771886233,0,0.0
716930133,0,0.0003
809937933,0,0.0
816596583,0,0.0001
718803333,0,0.0001
795237183,0,0.0001
720419358,0,0.0
719514783,0,0.0001
780374133,0,0.0007
810868758,0,0.0
714286383,0,0.0
708588408,0,0.0003
813338733,0,0.0
788826408,0,0.0001
713134458,0,0.0004
716350008,0,0.0
738062658,0,0.0
709449333,0,0.0
718665933,0,0.0
748503708,0,0.0001
807141183,0,0.0002
766381908,0,0.0
822112383,0,0.0
709061658,0,0.0002
797166633,0,0.0
789435783,0,0.0
708266883,1,0.9958
716793108,0,0.0
712253058,0,0.0
716430933,0,0.0
715746633,0,0.0025
714842208,0,0.0
713879283,0,0.0005
778679883,0,0.0008
712110333,1,0.9999
720724008,0,0.0001
708387933,0,0.0001
712165308,0,0.0
720283758,1,0.9988
708473133,0,0.0001
810493458,0,0.0001
711122958,1,0.9997
721502958,0,0.0005
715908558,0,0.0018
711594858,0,0.0
789513858,1,0.9998
712795833,1,0.9941
719628033,0,0.001
718282983,0,0.0
714121983,0,0.0
709791333,0,0.0
779916408,0,0.0003
711657783,0,0.0
780203883,0,0.0
709367433,0,0.0011
736145283,0,0.0001
711516783,0,0.002
712104333,0,0.0001
711116133,1,0.9996
712988958,0,0.0001
771201408,0,0.0
712011633,0,0.0
713579733,0,0.0
796544133,0,0.0001
709272333,0,0.0001
715153158,0,0.0001
779342958,0,0.0001
810545733,0,0.0
805453908,0,0.0
817086783,0,0.0
714943233,0,0.0
789097833,0,0.0
759584958,1,0.9986
708886533,0,0.0
708761733,0,0.0045
711600033,0,0.0001
769935783,0,0.0007
717446208,0,0.0001
721121283,0,0.0
819151083,0,0.0
716470683,0,0.0002
779643858,0,0.0003
787665258,1,0.9991
787475433,0,0.0003
717448383,1,0.9996
710812533,1,0.9997
716461683,0,0.0
814571058,0,0.0
712071708,0,0.0004
720769533,0,0.0004
794581533,0,0.0
715732533,1,0.9798
708286683,0,0.0
708543258,0,0.0001
713809833,0,0.0
793636308,0,0.0001
789095958,1,0.9954
757722708,0,0.0001
738627708,1,0.9972
820353558,0,0.0002
718739508,0,0.0026
788943333,1,0.9887
708397008,0,0.0
711392508,0,0.0001
780653208,0,0.0004
710251608,0,0.0003
719354433,0,0.0
710676483,0,0.0003
826414083,0,0.0001
720673008,0,0.0003
716736858,0,0.0
715660308,1,0.9978
785387883,0,0.0004
721028283,0,0.0
717797658,0,0.0001
712390683,0,0.0951
717965808,0,0.0003
721514883,0,0.0001
718477983,0,0.0001
719671383,0,0.0
711191808,0,0.0015
708637758,0,0.0004
794675058,1,0.9994
720508233,1,0.7444
713094483,0,0.0005
780064983,0,0.0001
710155158,1,0.9986
710904708,0,0.0
801715383,1,1.0
806889633,0,0.0004
794831733,0,0.0
712019883,0,0.0
770956158,0,0.0
778386033,0,0.0518
708147108,0,0.0
710310108,0,0.0008
771982083,0,0.0
714754533,0,0.0
717626508,0,0.0
718328283,0,0.0
716739258,0,0.0005
714277758,0,0.0007
720210483,0,0.0003
720411183,0,0.0
711379083,0,0.0
798558783,0,0.0
713363583,0,0.0
720339558,0,0.0
715008858,0,0.0
779037408,0,0.0011
721513833,0,0.0
714311583,0,0.0002
797414733,0,0.0195
716864733,0,0.0022
712924383,1,0.9996
719854008,0,0.0179
771630783,0,0.0
771471708,0,0.0
769463433,0,0.0001
711377808,0,0.0
713133258,0,0.0001
718162908,0,0.0026
713257083,0,0.0
772687983,0,0.0
711535158,1,0.9991
799700208,0,0.0
717177783,0,0.0002
711402333,0,0.0001
714304458,0,0.0005
713347608,1,0.9836
718303683,1,0.9993
714317058,0,0.0001
718152333,1,0.9999
716385033,0,0.0001
720674133,0,0.002
719153433,0,0.0
712765158,0,0.0076
713229633,1,0.9992
712256358,0,0.002
717656433,0,0.0
771081558,0,0.0
710702733,0,0.0002
779612808,0,0.0005
713904708,0,0.0
716546283,0,0.0001
711670308,0,0.0001
710856558,0,0.0
713639958,0,0.0004
716987358,1,0.9991
720008133,0,0.0
710084883,0,0.0001
816476658,1,0.9876
778486008,0,0.0001
769053033,1,0.9997
716171358,0,0.0001
772684833,0,0.0001
709485033,0,0.0
713352183,0,0.0005
712557708,0,0.0003
821149008,1,0.9993
711816108,1,1.0
712532058,0,0.0001
718811058,0,0.0
713696808,1,0.9999
753233733,0,0.0
717030633,0,0.0002
718320933,0,0.0
714608583,1,0.9991
715942683,0,0.0
771356508,0,0.0004
711326583,0,0.0008
714621183,0,0.0
712805658,0,0.0
808981608,0,0.0
718337733,0,0.0
715921758,0,0.0
779803008,0,0.0
717195933,1,1.0
712562433,1,0.9999
769578108,0,0.0
715442958,0,0.0001
708402333,0,0.0
719334408,0,0.0019
788246958,0,0.0
780336258,0,0.0001
772706283,0,0.0001
780684933,0,0.0
712927383,1,1.0
712820208,0,0.0
721434483,0,0.0005
720659283,0,0.0
716004258,0,0.0
713111883,0,0.0007
772248408,0,0.0004
787492908,0,0.0
718227033,0,0.0001
711320508,0,0.0
718828083,0,0.0
709823733,1,0.9586
772116408,0,0.0001
717355533,0,0.0
715932708,0,0.0
719679858,0,0.0023
772323033,0,0.0
714168183,0,0.0007
710719683,0,0.0
719876808,0,0.0007
778894233,0,0.0
712881483,0,0.014
789481233,1,0.9993
714767508,0,0.0003
789144633,0,0.0103
710635083,0,0.001
711557508,0,0.0
720650208,0,0.0016
810856833,0,0.0001
712828533,0,0.0378
714503433,1,1.0
817245183,0,0.0
709106358,0,0.0009
720179883,0,0.0002
816756783,0,0.0005
812501358,0,0.0
717203958,0,0.0001
719661558,0,0.0002
716297658,0,0.0013
756065433,0,0.0036
717076458,0,0.0009
716586408,0,0.0001
719776608,0,0.0064
710268858,0,0.0
719400108,0,0.0
715398858,0,0.0018
717359208,0,0.0
788595183,0,0.0002
772082208,0,0.0
720770883,0,0.0006
716263533,0,0.0
719848008,0,0.0001
717073308,0,0.0005
716277558,0,0.0002
712010358,1,0.9987
709319658,1,0.9603
794665608,0,0.01
708997833,0,0.0
717135333,0,0.0
795784008,1,0.9996
711728208,0,0.0
737925558,0,0.0
719147208,0,0.0003
715941633,0,0.0012
714078558,1,0.9992
719453283,0,0.0
794507133,1,0.9984
710790258,0,0.0003
755953308,0,0.0001
712710708,0,0.0005
717843783,0,0.0006
710297133,0,0.0
716222808,0,0.0001
714069858,0,0.0091
787659483,0,0.0001
757167633,0,0.0
717207408,0,0.0001
778224858,0,0.0
709103358,0,0.0
816829608,0,0.0004
719838558,0,0.0
718161708,0,0.0091
717382608,0,0.0
711762408,0,0.0
811571733,0,0.0028
779403558,0,0.0001
718399233,0,0.0006
711343233,0,0.0009
779536233,0,0.0001
718893333,0,0.0
716697708,1,0.9999
708788583,1,0.9979
713808633,0,0.0001
721210158,0,0.0006
789666333,0,0.0
710872233,0,0.2698
780497958,0,0.0003
798047583,0,0.0005
817089408,0,0.0
787472283,0,0.0
801786483,0,0.0011
709040508,0,0.0
709257708,0,0.0
753118533,0,0.0
812222208,0,0.0113
714187533,0,0.0193
789180933,0,0.0001
718140783,0,0.0003
713924283,1,0.8425
713236458,0,0.0001
816315558,0,0.0007
770135358,0,0.0
714284358,0,0.0
712965183,0,0.0
713668158,1,0.717
784819758,0,0.0
712025958,0,0.0
713653983,0,0.0
712619808,0,0.0
710086308,0,0.0
711781233,0,0.0002
708254733,0,0.0003
788930358,0,0.0004
714361083,1,0.9994
713253858,1,0.9999
771020133,0,0.0014
719593608,1,0.9997
714407058,0,0.0003
721282908,0,0.0002
771507258,0,0.0
716285358,0,0.0
711985833,0,0.0258
717182883,0,0.0001
714618333,0,0.0001
709443633,0,0.0
778180158,0,0.0
713755458,1,1.0
767269908,0,0.0
778231983,0,0.0
769911858,0,0.0001
711866358,0,0.0001
774437583,0,0.0
711232608,1,0.9999
721315233,0,0.0
713401758,0,0.0
769438608,1,0.9996
713172408,0,0.0
778425408,0,0.0
718611333,0,0.0
771400608,0,0.0005
719990358,0,0.0001
714250908,1,0.9998
715992558,0,0.0001
713181558,0,0.0002
793597833,0,0.0
816013383,1,0.9988
715518783,0,0.0
779353083,0,0.0377
719881533,1,0.9996
792864858,0,0.0007
808681158,0,0.0008
717390408,1,0.9988
720551733,1,0.9997
772273983,1,1.0
720648483,0,0.0001
721486908,0,0.0
716657058,0,0.0
713630733,0,0.0112
718586133,0,0.0002
717482658,0,0.0002
718503108,0,0.0001
714148758,0,0.0567
708902883,0,0.0005
771499233,0,0.0
714113658,0,0.0
713231658,0,0.0001
708319908,1,0.9998
715629783,0,0.0
820587258,0,0.0005
771852483,0,0.0001
712578933,1,0.9986
711263058,0,0.0
779405133,0,0.0
716094333,0,0.0
778837083,1,0.9914
712434708,1,1.0
771431133,0,0.0006
709716258,0,0.0001
710464683,0,0.0
787543008,0,0.0
709363383,0,0.0001
817988433,0,0.0
717189183,0,0.0001
710854008,0,0.0019
714531108,0,0.0
778420383,0,0.0005
809068983,0,0.0001
713131158,1,0.9966
709649958,1,0.999
754886958,0,0.0001
713476758,0,0.0
709473708,0,0.0001
708190158,1,0.9667
719813058,0,0.0002
708158133,1,0.9999
815826708,0,0.0
712682583,0,0.0001
714917583,0,0.0
711577458,0,0.0001
717623583,0,0.0
708899283,0,0.0003
720249183,0,0.0002
718653333,1,1.0
721424583,0,0.0
708451233,0,0.0005
788122533,0,0.0033
708298233,1,0.999
711935283,1,0.9986
769892058,0,0.0002
717954333,0,0.0001
820108008,0,0.0001
712840608,0,0.0003
817240833,0,0.0
771051783,0,0.0027
779895108,0,0.0004
714811533,0,0.0001
714945708,1,0.9485
712925808,1,0.9995
712302783,0,0.0
710725383,0,0.0
708710283,0,0.0
708382083,0,0.0003
767404083,1,0.9999
773297508,0,0.0003
717478983,0,0.0003
709679658,0,0.0
721427358,1,0.9996
718178583,0,0.0
718489608,0,0.0001
721349883,0,0.0099
787505133,1,0.9989
711521958,0,0.0
708271833,0,0.0009
711242058,1,0.9976
718524783,1,0.9996
715050408,0,0.0004
757527033,0,0.0007
717580458,1,0.9983
714938733,1,0.9999
719170683,0,0.0
715347783,0,0.0014
790108908,0,0.0
789218433,0,0.0009
789469083,0,0.0001
715797783,0,0.0002
713761608,0,0.0001
771669183,0,0.0
779521533,0,0.0
715554708,0,0.0001
767687208,0,0.0
708655983,0,0.0013
720729108,0,0.0
708722583,0,0.0
715371108,1,0.9997
797238108,0,0.0002
718640508,0,0.0038
709487058,0,0.0
712948383,0,0.0002
708469533,0,0.0002
709104333,0,0.0016
755420433,0,0.0003
718996758,0,0.0
719445633,0,0.0
709231683,0,0.0007
708846183,0,0.0
826723308,0,0.0
710825658,0,0.0
796931508,1,1.0
808753758,0,0.0
789494133,0,0.0
816312633,0,0.0008
720029508,0,0.0001
714971583,0,0.0
789325008,0,0.0001
713287608,0,0.0036
754872333,0,0.0002
713573508,1,1.0
718875483,0,0.0
780237033,0,0.0005
710363433,0,0.0
795232683,0,0.0
719577258,1,0.9999
717400533,0,0.0003
713047608,1,0.9998
716645883,0,0.0
709707033,1,0.9999
711112683,0,0.0001
799723908,0,0.0
712290258,0,0.0
710462433,0,0.0
812446158,0,0.0
788741733,0,0.0
780201633,1,0.9998
713656308,0,0.0007
710749458,0,0.0
817142433,0,0.0043
789491058,0,0.0006
812488608,0,0.0
710563458,0,0.0
716013858,0,0.001
717890583,0,0.0001
789540108,0,0.0
708753633,0,0.0001
772776033,0,0.0148
751283658,0,0.0004
711237633,1,0.9999
817197333,0,0.0599
718737708,0,0.0001
710507733,0,0.0
712979133,1,0.8643
717975333,0,0.0002
787563858,0,0.0
779442783,0,0.0
720608658,0,0.0
714524583,1,0.9997
713580633,0,0.0029
712214283,0,0.0
720190083,1,1.0
718394658,0,0.0002
708615183,0,0.0007
827476983,1,0.8229
803335008,0,0.0
711658758,0,0.0
721232058,0,0.0012
809599158,1,0.9997
717127083,0,0.0005
709243533,0,0.0
711267633,1,0.9999
809849358,1,0.9584
720708183,0,0.0
805259733,0,0.0003
712660308,1,0.9992
714296358,0,0.0001
823578483,0,0.0
709749483,0,0.0
715215108,0,0.0001
718415133,0,0.001
710500983,1,0.9961
714970458,0,0.0
708931908,0,0.0001
749571633,0,0.0
801508383,0,0.0001
717185658,1,0.9999
812618883,0,0.0004
819002508,0,0.0
710218233,0,0.0003
719344608,0,0.0006
718464258,0,0.0011
710512833,0,0.0001
718032483,0,0.0
710159658,0,0.0005
715765758,0,0.0001
811700058,1,0.9956
806824908,0,0.0
712428333,0,0.0
710971908,0,0.0
718011783,0,0.0003
721399833,0,0.0
710975883,0,0.0
712420833,0,0.0001
803115258,1,0.9995
721005108,0,0.0
788610258,0,0.0
716159958,0,0.0001
789231858,0,0.0003
719123958,1,1.0
719337408,0,0.0244
779486433,0,0.0
817337958,0,0.0051
712774908,0,0.0018
813234108,0,0.0005
792524358,0,0.0001
719282433,0,0.0002
720299283,0,0.0
709479558,0,0.0003
716102583,0,0.0003
713733633,1,0.9599
795155433,0,0.0
711783483,0,0.0
721532583,1,0.9698
714753258,0,0.0
721055058,0,0.0014
720510333,0,0.0
718146258,0,0.0003
715664808,1,1.0
719964933,0,0.0
709173108,1,0.9997
719722308,0,0.0018
719666283,0,0.0001
780006783,1,0.9999
715601808,0,0.0001
769720683,0,0.0
765692658,0,0.0002
717819633,0,0.0
718699683,0,0.0001
797169633,0,0.0001
710636208,0,0.0004
709309308,1,0.9984
819690933,0,0.0002
711615933,0,0.0003
714933783,0,0.0
778643733,1,0.9979
712867983,0,0.0011
718939083,1,0.9999
713512308,1,0.9845
790123983,0,0.0
711153783,0,0.0
744483633,0,0.0048
719971458,0,0.0
716506083,1,0.9995
716329383,1,0.9958
719719158,0,0.0
716107158,1,0.895
714477408,1,0.9942
773146383,0,0.0062
708635058,0,0.0
803421108,0,0.0001
716210283,0,0.0
711315783,0,0.0005
712489158,0,0.0015
718576908,0,0.0001
753208833,0,0.0051
798546408,0,0.0
827114058,0,0.0001
771453033,0,0.0003
718452633,1,1.0
718026858,0,0.0
721181883,0,0.0014
717609633,0,0.0005
710927733,0,0.0001
711551958,1,0.9999
716365233,0,0.0
783121008,0,0.0
716780283,0,0.0001
718471758,0,0.0
756571983,0,0.0057
714700158,0,0.0
794191008,0,0.0
711000933,0,0.0
789025083,0,0.0
717074283,1,0.9986
714243408,0,0.0006
716462658,0,0.001
719944458,0,0.0
718866633,0,0.0
714247458,0,0.0001
783910008,0,0.0
714294183,1,1.0
789530208,0,0.0014
714389058,0,0.0
772661808,0,0.0
710135058,0,0.0001
716805408,0,0.0
789304983,0,0.0009
743912958,0,0.0002
715311183,0,0.0
720264783,0,0.0
788771733,0,0.0
711724083,1,0.9904
717628608,0,0.0256
712319058,0,0.0003
772231233,0,0.0005
715315008,0,0.0029
778853358,0,0.0022
714581358,1,1.0
710810883,0,0.0
709879458,0,0.0003
811970808,0,0.0001
720015183,0,0.0
708907833,0,0.0
826261008,1,0.9998
794682483,0,0.0
708098133,0,0.0001
711069483,0,0.0002
709537683,1,0.9989
710770383,0,0.0007
809811858,1,0.9992
772216833,0,0.0
717830583,0,0.0
713779908,0,0.0001
712507758,0,0.0
716093133,0,0.0004
817382958,0,0.0
714400308,0,0.0
789466008,0,0.0
710289783,1,0.975
712659408,0,0.0
788791383,0,0.0003
709822008,0,0.0002
816615633,0,0.0065
718521258,0,0.0003
713533983,0,0.0001
709444983,1,0.9995
717405408,0,0.0
753226158,0,0.0
780384483,1,0.9998
720096558,0,0.0004
778567983,0,0.0001
711649908,0,0.0
718038483,0,0.0
719519058,1,0.9997
770985633,0,0.0004
713600958,0,0.0003
719801508,0,0.0
713686008,0,0.0001
720401658,1,0.9911
715572783,0,0.0001
817908783,0,0.0
712361583,0,0.0014
709108533,0,0.0
718490658,0,0.0003
790006383,0,0.0033
710744433,0,0.0004
780865308,0,0.001
716643033,1,1.0
789241308,1,0.9999
721344858,0,0.0011
717050883,0,0.0
788979258,0,0.0004
719125158,0,0.0125
709545333,0,0.0003
721165608,0,0.0
714652383,0,0.0
737921733,0,0.0858
804428958,0,0.0
720075558,0,0.0006
769676358,0,0.0
716378658,0,0.002
714479358,1,0.999
712141683,0,0.0004
710005683,0,0.0
721228308,1,1.0
758833758,0,0.1283
787565433,0,0.0001
780253533,0,0.0005
714595983,1,1.0
709547658,1,0.9998
711801933,1,0.9997
715808808,0,0.0004
711294258,0,0.0
708542283,0,0.0001
787514433,0,0.0
779773533,0,0.0069
807964908,0,0.0
757753083,0,0.0004
779331558,0,0.0
799026633,0,0.0014
719898108,0,0.0
711252258,0,0.0001
719724933,0,0.0
715413483,0,0.0
751518633,1,0.9921
742552683,0,0.0
756598833,0,0.0011
794562783,0,0.0002
779942808,0,0.0002
789151983,0,0.0
779598183,0,0.0001
720714933,0,0.0
708536283,1,0.9989
714548733,0,0.0002
713796033,1,0.9895
770817783,0,0.0001
716032233,0,0.0
719806233,0,0.0004
712835433,0,0.0001
713975433,0,0.0
715076358,1,0.9991
720731808,1,0.9617
714616308,0,0.0
717502083,1,0.9994
789362058,0,0.0001
794530608,0,0.001
709007883,0,0.0
709219533,0,0.0002
787723758,0,0.0
710968008,0,0.0
780638958,0,0.0
716951658,0,0.0013
715956258,0,0.0004
785119833,0,0.0445
710723958,0,0.0002
714011358,0,0.0002
717724233,0,0.0002
754671558,0,0.0007
794514108,0,0.0001
719385558,0,0.0053
712637283,0,0.0014
714222183,0,0.0
709175208,0,0.0
717112533,0,0.0055
714426783,0,0.0001
721448283,1,0.9993
782548758,0,0.0
717561108,0,0.0001
720585183,0,0.0004
714643983,0,0.0
712291308,0,0.0001
713036208,0,0.0
709979583,0,0.0005
717517758,0,0.0
717271983,0,0.0
718528008,0,0.0
719118708,1,0.9992
708657033,0,0.0
717489033,1,0.9532
818926833,0,0.001
708338958,0,0.0
827683383,0,0.0001
717099408,0,0.0001
716878533,0,0.0001
797410983,0,0.0004
789625383,0,0.0012
709701558,0,0.0
708334158,0,0.0001
710638233,1,0.9941
794496033,0,0.0
709738008,0,0.0
808756458,0,0.0
710982858,0,0.0
718451133,0,0.0003
717991533,0,0.0
713104458,1,1.0
715783758,0,0.0
716891583,0,0.0001
714557583,0,0.0009
714840858,0,0.0
788911458,0,0.0
712521783,0,0.0004
716756133,0,0.0
793550958,0,0.0001
768687183,0,0.0
778170633,0,0.0
789307833,0,0.0003
718291233,0,0.0
718984533,0,0.0
794293908,0,0.0002
708829758,0,0.0002
717016833,0,0.0
711339258,0,0.0
708754833,0,0.0001
716773533,0,0.0001
788896983,0,0.0
715694433,0,0.0
708403308,0,0.0007
715511658,0,0.0
717327783,0,0.0001
717384183,0,0.0002
818929158,0,0.0001
789539058,0,0.0023
718357458,0,0.0027
709530408,0,0.0001
826245858,1,0.9979
716800908,0,0.0013
714425283,0,0.0
718345233,0,0.0072
713128833,0,0.003
769577358,0,0.0003
758824608,0,0.0
716742483,0,0.0012
710905908,0,0.0001
712902483,0,0.0
772105608,0,0.0002
809951133,1,0.5571
710015733,1,0.9998
716893683,1,0.9984
788808633,0,0.0
714100008,1,0.9985
717211608,0,0.0009
711008508,0,0.0
712899333,0,0.0003
714091983,0,0.0002
802878408,0,0.0004
715958583,0,0.0
716142858,0,0.0001
720449208,0,0.0
739021908,0,0.0001
817035108,0,0.0002
718957083,0,0.0
712084383,0,0.0
771952683,0,0.0001
719782458,0,0.0
721164483,0,0.0001
806989008,0,0.0
709624533,0,0.0003
710570058,1,0.9962
713114133,1,0.999
771224358,0,0.0
809440008,1,1.0
785515533,0,0.0001
713709258,0,0.0001
708104658,0,0.019
817958733,0,0.0002
721183983,0,0.0004
810220833,0,0.0
713373708,1,0.9999
715710708,0,0.0
717443658,0,0.0
717915783,1,0.9996
779217333,0,0.0
710794983,0,0.0
795855258,0,0.0003
788719533,0,0.0296
720782658,0,0.0
720034983,0,0.0029
713536158,0,0.0
755262933,0,0.0001
719136183,0,0.0
715898058,0,0.0001
716315508,1,0.9988
788667408,0,0.0004
768949983,0,0.0191
778882758,0,0.0
709465758,0,0.0001
719781183,0,0.0
720101658,0,0.021
713782608,0,0.0
802101858,0,0.0065
708757233,0,0.0
709711758,1,0.9992
772000533,0,0.0002
720827133,1,1.0
789903708,0,0.0
719855958,0,0.0
713254983,0,0.0003
709120008,0,0.0388
720927183,0,0.0001
716875083,0,0.0001
716988633,0,0.0002
711553308,0,0.0
788802483,0,0.0
708908883,0,0.0
712644483,0,0.0
716311683,0,0.0002
779707308,0,0.0017
720595083,0,0.0002
715034358,0,0.0003
720897783,0,0.0
826513233,0,0.0007
826065258,0,0.0003
772426383,0,0.0
717972408,0,0.0001
708888633,1,1.0
714916758,0,0.0005
710888883,0,0.0001
717296808,0,0.0003
713847858,1,0.9997
768728508,0,0.0
762020133,1,1.0
710706558,0,0.0223
709278258,1,0.9212
710679933,1,0.9755
713152383,0,0.0004
771429408,0,0.0002
770721858,0,0.0002
778686408,0,0.0002
771682533,0,0.0001
712378983,1,0.9924
714615258,1,0.9975
713027058,1,1.0
789485433,0,0.0
716368008,1,0.9933
771935283,0,0.0003
779315508,1,0.9814
794843883,0,0.001
822084333,1,0.9993
714893733,0,0.0009
719474583,0,0.0024
717141858,0,0.0001
712714008,0,0.0
719570733,0,0.0001
720980958,0,0.0003
720964683,0,0.0003
718263108,1,0.918
789101883,0,0.0066
809292483,0,0.0008
778973658,0,0.0002
708560733,0,0.0002
721171008,0,0.0004
781297983,0,0.0
778228458,0,0.0006
797668983,0,0.0
713492583,1,0.9999
715799808,1,0.9998
711647808,0,0.0001
720840108,0,0.0001
711349083,0,0.0597
721247883,0,0.0
720497958,0,0.0023
719466558,0,0.0005
753220383,1,0.9998
757481283,0,0.0002
778506633,1,0.9999
819634233,1,1.0
753795633,1,0.9984
715435758,0,0.0
772063308,0,0.0
718205283,0,0.0
720863133,0,0.0
709288383,0,0.0
709213458,1,1.0
708670608,0,0.0001
709150608,0,0.0023
713105508,0,0.0024
716303583,0,0.0
787669233,0,0.0001
771488583,0,0.0004
708269583,0,0.0001
779809908,0,0.0
720973833,0,0.001
720236433,0,0.0004
717895833,0,0.0
718921683,0,0.0001
713828208,0,0.0025
779241783,0,0.0001
797241108,0,0.0001
716635758,0,0.0001
714536208,0,0.0021
709372608,0,0.0
769574883,0,0.0352
718286658,0,0.0
714839808,0,0.0
718342158,1,0.9469
778573233,0,0.0
715680933,0,0.0016
708396033,0,0.0
713356833,0,0.0001
814593858,0,0.0001
771592458,0,0.0
827631483,0,0.0
811721133,0,0.0004
720443358,0,0.0
709477233,0,0.0
711942783,0,0.0003
768848658,0,0.0001
788772708,0,0.0001
717109983,0,0.0
712128258,0,0.0024
720621408,0,0.0177
710295858,0,0.0
714647808,0,0.0001
712374708,0,0.0
715547058,1,0.9998
720539583,0,0.0001
712952283,0,0.0
710475408,0,0.0
715007583,0,0.0
713061558,0,0.014
772288758,0,0.001
713977308,0,0.0
801064833,0,0.0
708129933,0,0.0001
789167658,0,0.0019
720286908,0,0.0
716565258,0,0.0027
708564858,1,0.9973
778895883,0,0.0
709410033,0,0.0002
710745633,0,0.0
709008708,0,0.0
714738858,0,0.0
713639058,1,1.0
719739108,0,0.0004
826079508,0,0.0
710795883,0,0.0
710404533,0,0.0002
719359458,0,0.0055
821837958,0,0.0005
710691633,0,0.0
779296908,0,0.0004
710797833,0,0.0002
804337233,0,0.0
713823033,1,0.9999
720076458,0,0.0
809818008,0,0.0002
717376758,0,0.0
795844983,0,0.0
789368658,0,0.0017
720462633,0,0.0
708938508,0,0.0003
709560258,1,0.9971
717513933,0,0.0001
711113958,0,0.0005
713995233,0,0.0
717906783,0,0.0005
716516208,0,0.0005
756658083,0,0.0001
718692258,0,0.0012
719816583,1,0.9991
787578183,0,0.0
788699808,0,0.0349
809320908,0,0.0005
789942033,1,0.9096
714006333,1,0.9925
710813733,0,0.0001
711679533,0,0.001
709212183,0,0.0002
807523008,0,0.0
787480158,0,0.0
711272058,0,0.0
720033033,0,0.0
794124708,0,0.0002
790164408,0,0.0001
714831033,0,0.0008
718731183,1,0.9961
827888433,0,0.0004
711992133,0,0.0
711809283,0,0.0001
714574083,0,0.0001
769189083,0,0.0001
711968358,0,0.0
711750183,0,0.0001
716511483,0,0.0004
800869758,0,0.0
715235808,0,0.0
714199983,0,0.0
718540308,0,0.0
716460933,0,0.0002
780277458,0,0.0
798011733,0,0.0
714046608,0,0.0002
713396358,0,0.0001
714005508,0,0.0001
717444558,0,0.0
713905608,0,0.0001
711126483,0,0.0005
714602658,1,0.9987
716019333,0,0.0
714869958,0,0.0
778459833,0,0.0008
789309558,0,0.0005
756736008,0,0.0003
779883933,0,0.0001
709343433,0,0.0003
806908608,0,0.0
720521808,0,0.0023
709523508,0,0.0003
708373083,1,0.7796
713325108,0,0.0014
819214233,0,0.0006
713188383,0,0.0004
770778108,0,0.0
716610558,0,0.0013
715174158,0,0.0018
779608083,0,0.0001
780200208,0,0.0004
718675158,1,0.9997
817977933,1,0.9998
755273658,0,0.0
715022133,0,0.0005
719804208,0,0.0
780056733,0,0.0001
780373233,0,0.0
817188408,0,0.0001
772073508,1,0.9997
803805483,0,0.0001
717823383,0,0.0
789907533,1,0.9981
788259558,0,0.0001
815515158,0,0.0
713884458,0,0.0015
789717708,0,0.0
708160008,0,0.0
708702258,1,0.9998
789023508,0,0.0
719265108,0,0.0003
813213558,0,0.001
802460433,1,0.9999
717995958,0,0.0
710697408,0,0.0001
805458933,0,0.0004
713850783,0,0.0002
713876958,0,0.001
718926258,0,0.0002
717585858,0,0.0
710303208,0,0.0002
770647233,0,0.0009
715459158,0,0.0
789185508,0,0.0006
779305008,0,0.0
713343333,0,0.0
749067633,0,0.0007
811713408,0,0.0
789990333,0,0.0037
788770908,0,0.0071
709411383,0,0.0
708361833,0,0.0
712801758,0,0.0001
721179708,0,0.0
708511983,0,0.0
711388458,0,0.0132
720486408,0,0.0009
709157133,0,0.0002
712240083,1,0.9996
782802033,1,0.9996
712091433,0,0.0001
720494058,0,0.0005
710277183,0,0.0
789804933,0,0.0002
719022558,0,0.0
714573258,0,0.003
709919283,0,0.0001
716481408,0,0.0003
719038008,0,0.0005
793456983,0,0.0
720597108,1,0.9992
715233108,0,0.0
709220583,0,0.0189
779324358,0,0.015
712112733,0,0.0001
714443058,1,0.9998
711109908,0,0.0
717464958,0,0.0008
713701533,0,0.0
772565883,0,0.0
758765808,0,0.0118
716851908,0,0.0006
721500108,0,0.0
820268358,0,0.0
717171408,0,0.0004
713567958,0,0.0
716512383,0,0.0565
713008308,0,0.0001
780942633,0,0.0025
716249508,0,0.0
714909108,0,0.0001
778708533,1,0.9972
772725408,0,0.0
709534083,1,0.9999
817144458,0,0.0
807157833,0,0.0
716371308,0,0.0019
716332533,0,0.0003
716924958,1,0.9999
720904233,0,0.0041
711964533,0,0.0001
788715483,0,0.0
788832033,0,0.0
716022258,1,0.9987
712208658,0,0.0001
710482533,0,0.0003
717661908,0,0.0
720254883,0,0.0002
719532108,0,0.002
779610033,1,0.9981
819977058,0,0.0
772202058,0,0.0004
717658758,0,0.0001
720467583,0,0.0
713314533,1,0.9978
719318583,1,0.999
789122808,1,0.9991
708525108,0,0.0
779662308,0,0.0
717180633,0,0.0005
713000058,0,0.0033
709747308,0,0.0001
712235433,1,0.9999
712405908,0,0.0
778885158,0,0.0
789143283,0,0.0
721233033,1,0.9995
718486608,0,0.0
713249883,0,0.0
797743233,0,0.0
778346283,0,0.0003
721113333,0,0.0
720707283,0,0.0102
788997408,0,0.0003
710456658,0,0.0
808796208,0,0.0001
713685033,1,0.9998
788912658,0,0.0
712157958,1,0.9995
711148308,0,0.0
719117433,0,0.0065
